retailer_id,imei,sim_serial,date
R001,155426929077360,SIM86538,2025-07-01
R001,396736233178930,SIM16495,2025-07-09
R001,918935164917784,SIM50046,2025-07-02
R001,713914265158283,SIM88280,2025-06-25
R001,732355882554171,SIM74753,2025-06-17
R001,981650554264717,SIM86459,2025-07-12
R001,207546243114755,SIM23618,2025-06-16
R001,735338360403515,SIM59394,2025-06-17
R001,807897879925870,SIM69074,2025-07-02
R001,837238282124103,SIM84139,2025-06-25
R001,828037483425215,SIM65305,2025-07-13
R001,153288146964849,SIM76571,2025-07-13
R002,900873612100746,SIM16215,2025-06-20
R002,445767533223021,SIM11005,2025-07-12
R002,244093028167455,SIM61638,2025-07-14
R002,286702055306631,SIM39102,2025-07-07
R002,979510596942392,SIM35725,2025-06-25
R002,940390752751641,SIM99108,2025-06-22
R002,193278604227325,SIM99837,2025-07-14
R003,632147243121977,SIM20813,2025-07-05
R003,934194298808321,SIM63289,2025-07-05
R003,812780025963572,SIM48035,2025-07-03
R003,698300401566320,SIM41149,2025-06-15
R003,122985981034532,SIM79313,2025-06-15
R003,263935551022237,SIM17332,2025-07-06
R003,496003598205521,SIM37026,2025-07-11
R003,719527582335777,SIM58806,2025-06-19
R004,198342477404941,SIM59703,2025-07-08
R004,586742430387127,SIM54172,2025-06-29
R004,912665703720635,SIM95783,2025-07-06
R004,659207569808100,SIM75190,2025-06-24
R004,163792557021462,SIM18620,2025-07-02
R004,968985435371859,SIM49120,2025-07-10
R005,276228038376721,SIM67897,2025-07-12
R005,592991458727103,SIM30165,2025-06-22
R005,284249980045816,SIM79478,2025-07-09
R005,651487455698377,SIM35607,2025-07-04
R005,902598402624073,SIM72480,2025-06-15
R005,624374237966171,SIM93776,2025-07-12
R005,255313011725148,SIM72423,2025-06-30
R005,731547772089796,SIM45195,2025-07-01
R005,838517632552636,SIM61350,2025-06-26
R005,293951806131451,SIM72610,2025-07-10
R005,582648077159764,SIM22946,2025-06-19
R005,681147673575160,SIM20762,2025-06-18
R005,776177880533366,SIM15308,2025-06-14
R006,818279668907028,SIM40815,2025-06-21
R006,766700798913263,SIM54828,2025-06-30
R006,418275239062841,SIM56308,2025-06-14
R006,517879635242303,SIM70168,2025-07-12
R006,475832008182347,SIM87337,2025-06-19
R006,813773707985189,SIM83173,2025-07-13
R006,605791598865618,SIM91663,2025-07-07
R006,179803003513297,SIM12927,2025-07-12
R006,847492698950363,SIM70092,2025-06-23
R006,159306088336110,SIM12719,2025-06-19
R006,459924888704653,SIM91323,2025-07-11
R006,907830873593089,SIM12303,2025-07-02
R007,797135389780642,SIM18511,2025-07-09
R007,340594110713972,SIM19833,2025-06-22
R007,465041027731328,SIM43120,2025-06-29
R007,872555758173783,SIM38643,2025-06-16
R007,745731998908747,SIM44082,2025-06-26
R007,511775627626687,SIM34329,2025-06-18
R007,948847430595430,SIM99123,2025-07-14
R007,834773931342388,SIM22884,2025-06-30
R007,222822860380477,SIM60253,2025-06-19
R007,356957814409841,SIM77377,2025-07-09
R008,563916442877211,SIM74261,2025-06-27
R008,860356966038801,SIM22128,2025-06-26
R008,141360673249520,SIM48105,2025-07-06
R008,765384236985122,SIM84765,2025-07-11
R008,157796817862224,SIM67528,2025-07-13
R008,924523468028563,SIM77055,2025-06-23
R008,211378304734644,SIM27268,2025-06-23
R008,252254987332047,SIM41301,2025-06-20
R008,769485185577207,SIM75770,2025-06-15
R008,430119943584227,SIM72474,2025-06-26
R008,276690604325373,SIM69423,2025-07-04
R009,146578627785260,SIM11482,2025-06-19
R009,341132219667834,SIM60128,2025-06-20
R009,111165612614588,SIM86119,2025-06-27
R009,294476213495937,SIM16719,2025-06-19
R009,476975735805930,SIM95760,2025-07-11
R010,337266911101779,SIM80452,2025-06-18
R010,923230261606876,SIM11652,2025-07-06
R010,397458608373921,SIM40397,2025-07-05
R010,726427154457533,SIM69403,2025-06-17
R010,146082849939569,SIM73675,2025-06-25
R010,863839229118624,SIM27801,2025-07-05
R011,179600449410106,SIM16011,2025-07-11
R011,168251541825273,SIM39102,2025-06-17
R011,613528060624739,SIM48903,2025-07-06
R011,648621562244991,SIM21433,2025-06-17
R011,655982018905785,SIM35227,2025-06-19
R011,372941417070607,SIM95858,2025-06-30
R011,274208494687839,SIM90024,2025-06-26
R011,502248596253098,SIM22943,2025-06-17
R011,268092231009326,SIM92075,2025-07-06
R011,640349132400040,SIM21141,2025-07-08
R012,546974792067185,SIM36104,2025-07-01
R012,453633580811523,SIM90309,2025-07-02
R012,781716810845026,SIM70812,2025-06-27
R012,548293627422316,SIM55241,2025-06-26
R012,534617999210321,SIM67287,2025-07-05
R012,479271252238795,SIM61306,2025-07-12
R012,331301644736981,SIM66103,2025-06-22
R012,165426116427741,SIM79591,2025-07-08
R012,899003434267611,SIM12182,2025-06-28
R012,745059018867879,SIM40141,2025-06-16
R013,184736619061315,SIM39321,2025-06-23
R013,212176683338277,SIM52438,2025-07-14
R013,439668620280040,SIM97099,2025-07-06
R013,286774039042843,SIM52758,2025-07-07
R013,561914715037476,SIM43361,2025-07-09
R013,220404330041961,SIM24790,2025-06-19
R013,375096885589544,SIM34213,2025-06-14
R013,324882780324841,SIM10641,2025-06-23
R013,626228499274485,SIM16269,2025-06-25
R014,543473094347608,SIM31549,2025-06-15
R014,725204268740442,SIM24160,2025-06-16
R014,282580800932727,SIM19105,2025-06-21
R014,544568513732137,SIM55142,2025-07-09
R014,791880743218144,SIM12210,2025-07-09
R014,272063750762702,SIM53440,2025-07-14
R014,630670127099119,SIM10017,2025-06-21
R014,710307180263349,SIM47936,2025-06-21
R015,675216707166970,SIM28430,2025-07-04
R015,824214073876707,SIM69775,2025-06-14
R015,303143777595957,SIM31377,2025-06-19
R015,321839621201397,SIM28960,2025-06-26
R015,284102275765164,SIM76268,2025-06-23
R015,924859006210850,SIM73841,2025-06-28
R015,311868118899596,SIM25448,2025-06-29
R015,358582584623655,SIM45809,2025-07-13
R015,769353299502978,SIM20055,2025-07-07
R015,696681982164042,SIM16898,2025-06-20
R015,676722038898866,SIM58865,2025-06-23
R015,454073291330321,SIM18056,2025-07-13
R015,943604801919798,SIM60981,2025-07-05
R016,543412535765085,SIM19193,2025-06-21
R016,313536929897565,SIM85416,2025-06-26
R016,747404000589795,SIM69819,2025-07-10
R016,314625804580114,SIM93000,2025-06-23
R016,574656578891422,SIM63515,2025-07-03
R016,538834299430595,SIM35076,2025-07-11
R016,648943865656556,SIM35839,2025-07-09
R016,690633044539957,SIM17525,2025-06-29
R016,227501587385315,SIM22419,2025-06-29
R017,172027028181749,SIM10849,2025-07-13
R017,320812546095488,SIM12108,2025-07-06
R017,837779163793812,SIM28853,2025-06-17
R017,405925224099094,SIM85852,2025-06-21
R017,109423842536240,SIM47176,2025-07-09
R017,726663240105185,SIM79819,2025-07-02
R017,915343236148679,SIM16359,2025-06-14
R018,578242105914822,SIM27760,2025-07-12
R018,203057615992670,SIM81384,2025-07-12
R018,550472134089129,SIM78230,2025-07-13
R018,193698740965156,SIM48774,2025-07-04
R018,467878974419010,SIM76847,2025-07-13
R018,215887459299621,SIM35111,2025-06-22
R018,607731831389557,SIM75221,2025-07-03
R019,300485499714624,SIM13933,2025-06-28
R019,466966176800418,SIM17115,2025-06-18
R019,400226106629251,SIM29154,2025-07-09
R019,744079665978171,SIM78705,2025-06-26
R019,259765355860064,SIM33633,2025-06-24
R019,487794294325019,SIM33487,2025-06-26
R019,923249096680685,SIM11095,2025-06-18
R019,966975578654498,SIM95001,2025-07-03
R019,214725547577272,SIM56670,2025-06-15
R019,221519642324470,SIM35837,2025-06-18
R019,454884666130197,SIM18189,2025-07-14
R019,638609572010851,SIM76350,2025-06-17
R019,284246397030772,SIM65297,2025-07-11
R020,292896850279798,SIM58269,2025-07-11
R020,489825841194497,SIM68209,2025-06-30
R020,696638144291060,SIM63983,2025-07-12
R020,678420249749795,SIM27826,2025-06-21
R020,729495178514857,SIM68892,2025-07-12
R020,308260805189669,SIM47834,2025-07-08
R020,341859756609401,SIM63107,2025-06-24
R020,160563775886260,SIM96415,2025-07-06
R020,836146058332131,SIM22205,2025-06-22
R020,785983408961132,SIM82869,2025-06-18
R021,669931698712443,SIM70449,2025-06-19
R021,230923798838314,SIM47065,2025-07-11
R021,680823900359657,SIM55804,2025-06-18
R021,336765310332354,SIM12286,2025-06-14
R021,754464416204609,SIM42391,2025-06-14
R021,785836285808058,SIM88848,2025-06-23
R021,642639852020461,SIM33234,2025-07-07
R021,228481621415085,SIM30202,2025-07-03
R021,434940652991691,SIM77108,2025-06-15
R021,836670289951611,SIM10684,2025-06-28
R021,686511050041171,SIM15173,2025-06-21
R021,309978389031941,SIM33549,2025-07-06
R022,506055194405391,SIM69023,2025-07-14
R022,438380659588282,SIM57965,2025-06-18
R022,647001398399196,SIM70299,2025-07-06
R022,436158374663753,SIM39924,2025-06-22
R022,465917640644804,SIM75400,2025-07-13
R022,279322553487879,SIM15605,2025-07-07
R022,176945509398575,SIM22200,2025-07-07
R022,743780700121091,SIM96381,2025-07-02
R022,372178588038695,SIM98071,2025-06-16
R022,142789383795565,SIM80023,2025-06-18
R022,574711888194247,SIM60281,2025-07-11
R022,673289154172275,SIM24106,2025-06-27
R022,768924845550721,SIM32709,2025-07-09
R023,757567641194308,SIM65561,2025-06-19
R023,189418371611875,SIM23618,2025-06-24
R023,149576638598679,SIM70576,2025-07-08
R023,881435358888006,SIM49093,2025-06-20
R023,594666444851834,SIM64133,2025-06-19
R023,930445946915958,SIM78108,2025-06-15
R023,295393427591184,SIM22357,2025-07-04
R023,910661851520057,SIM11911,2025-07-05
R023,774310944665639,SIM50204,2025-06-17
R023,207421865199818,SIM65427,2025-07-10
R023,505593151328375,SIM90788,2025-06-24
R023,806253898822931,SIM35158,2025-06-19
R023,202295562053128,SIM94798,2025-07-14
R024,162147615043254,SIM95918,2025-06-26
R024,886570586448565,SIM45720,2025-06-16
R024,340719465029810,SIM48546,2025-06-23
R024,826661746425661,SIM93547,2025-07-06
R024,163641389024451,SIM30322,2025-07-03
R025,192866945538143,SIM60618,2025-07-02
R025,879601763049729,SIM45852,2025-06-14
R025,410225102436133,SIM63715,2025-06-14
R025,828305988098627,SIM93998,2025-06-14
R025,574881054215495,SIM22584,2025-06-30
R025,718205695131329,SIM69533,2025-06-27
R025,203700653888401,SIM34787,2025-06-20
R026,601773485262919,SIM38358,2025-07-07
R026,734646933795685,SIM37025,2025-06-22
R026,916938136990805,SIM79099,2025-07-12
R026,197136919651354,SIM65623,2025-07-04
R026,921170715248432,SIM90667,2025-06-16
R026,533338711997344,SIM74390,2025-06-29
R026,904245342730222,SIM81099,2025-07-04
R026,150181288332345,SIM63765,2025-07-02
R026,611238841059723,SIM75588,2025-07-14
R026,464828314206287,SIM92833,2025-07-03
R026,883690495201374,SIM40240,2025-06-30
R026,749270480433723,SIM17024,2025-07-06
R026,787500411586683,SIM29582,2025-06-23
R026,186907099757370,SIM47257,2025-06-22
R027,345606790896605,SIM18313,2025-06-21
R027,345785761706144,SIM79148,2025-06-16
R027,159251394909868,SIM93003,2025-07-03
R027,960752096687494,SIM90476,2025-07-14
R027,564416823564177,SIM29991,2025-07-02
R027,756045069425245,SIM97791,2025-07-11
R027,534397883407829,SIM72124,2025-06-18
R027,139551986758674,SIM18170,2025-07-10
R027,665479555913353,SIM82706,2025-07-12
R028,170740276700617,SIM34629,2025-07-06
R028,387889411717709,SIM29992,2025-07-01
R028,310032446152534,SIM54673,2025-07-07
R028,420839743752922,SIM83727,2025-06-29
R028,776055895604889,SIM25236,2025-06-17
R028,806725675778312,SIM16190,2025-06-14
R028,508261338230503,SIM34136,2025-07-08
R029,480185164004491,SIM20496,2025-06-30
R029,447031491780118,SIM97083,2025-06-16
R029,665430045512678,SIM14118,2025-07-03
R029,468755210038273,SIM55777,2025-07-09
R029,489399553649139,SIM69456,2025-06-28
R029,382094191236433,SIM81185,2025-06-16
R029,115240826567519,SIM33939,2025-07-11
R029,967340352568200,SIM32635,2025-06-30
R029,722026605811690,SIM72670,2025-06-18
R030,595380077210083,SIM22708,2025-07-10
R030,889641084091560,SIM27884,2025-07-07
R030,184041688198602,SIM96979,2025-06-18
R030,420989702885165,SIM74222,2025-07-06
R030,868932294167635,SIM94058,2025-06-25
R030,389568104755311,SIM80011,2025-07-13
R030,281121939312126,SIM66781,2025-07-01
R030,800818680950182,SIM57436,2025-07-10
R030,479789054454513,SIM91934,2025-07-04
R030,460596459573450,SIM91793,2025-06-23
R030,859024423960442,SIM79092,2025-06-21
R030,456075279791059,SIM65039,2025-07-08
R030,688576834439056,SIM41385,2025-06-26
R031,621756828423144,SIM17385,2025-06-30
R031,111416090227820,SIM15437,2025-06-17
R031,447564988135963,SIM84799,2025-07-01
R031,427582763232247,SIM29954,2025-06-14
R031,968776928225510,SIM51064,2025-07-01
R031,954551827935629,SIM61327,2025-07-03
R031,571592236830481,SIM78873,2025-06-24
R031,818831754500121,SIM77133,2025-06-18
R031,533071159368289,SIM98830,2025-06-15
R032,203598969891862,SIM67427,2025-06-30
R032,396392186547767,SIM63917,2025-07-06
R032,499884374035997,SIM54194,2025-06-18
R032,706722236309688,SIM48780,2025-06-14
R032,197832933957312,SIM50329,2025-07-06
R032,414401969680328,SIM25268,2025-06-16
R032,891932841471160,SIM83825,2025-06-30
R032,526643087716846,SIM92426,2025-07-01
R033,121401115577374,SIM45023,2025-07-09
R033,908579162088036,SIM39535,2025-07-10
R033,218575927118842,SIM15604,2025-07-06
R033,765863316429362,SIM14233,2025-06-27
R033,160929643403616,SIM54374,2025-06-15
R033,193033756055014,SIM80004,2025-06-22
R033,498777142295986,SIM20569,2025-07-05
R033,602432057188538,SIM51476,2025-07-09
R033,275358487395186,SIM26292,2025-06-19
R033,431783514551901,SIM27015,2025-06-30
R034,254396443024597,SIM52301,2025-07-07
R034,590748229372020,SIM45665,2025-07-07
R034,987899959567642,SIM84048,2025-07-06
R034,344791645460037,SIM98126,2025-06-29
R034,351089578701825,SIM81991,2025-06-25
R034,525981322341748,SIM32591,2025-06-29
R034,515883908801302,SIM18715,2025-07-03
R034,349134585718583,SIM22613,2025-06-14
R034,875258086198763,SIM72223,2025-06-22
R034,217967383115659,SIM27030,2025-06-25
R034,425609016736767,SIM74942,2025-06-23
R034,789030001532776,SIM76451,2025-06-29
R035,363716013298155,SIM47017,2025-07-06
R035,189505938109848,SIM11194,2025-06-14
R035,193356079948174,SIM19184,2025-06-30
R035,640078345705231,SIM98298,2025-06-15
R035,316031651725977,SIM49884,2025-07-11
R035,235924635573974,SIM38701,2025-06-15
R035,873772316281996,SIM23793,2025-07-13
R036,464059108667089,SIM17962,2025-06-25
R036,863713690578220,SIM76635,2025-07-11
R036,462395328873728,SIM44785,2025-07-14
R036,999786519831079,SIM97768,2025-07-08
R036,192919779996735,SIM45050,2025-06-20
R036,191059313243965,SIM77645,2025-06-18
R036,124757637713303,SIM52090,2025-07-12
R036,829436529151840,SIM65920,2025-06-25
R036,798304483227995,SIM17019,2025-06-21
R036,210759707941218,SIM40940,2025-07-04
R036,617562790362699,SIM10762,2025-06-25
R036,899747506030559,SIM62440,2025-07-14
R036,792825184101525,SIM10582,2025-06-23
R037,554223694832934,SIM61082,2025-07-01
R037,220978434988246,SIM76638,2025-07-06
R037,821214656691602,SIM27039,2025-07-09
R037,814884872769215,SIM41438,2025-06-26
R037,615911199743152,SIM22310,2025-06-18
R037,446778713321615,SIM89680,2025-07-11
R037,978947216714054,SIM86138,2025-06-23
R037,206265373854339,SIM10554,2025-06-18
R037,220837800591904,SIM87231,2025-06-19
R038,404907886719029,SIM51988,2025-07-12
R038,515862757138947,SIM82512,2025-07-09
R038,475064904708610,SIM19778,2025-07-12
R038,553550218533509,SIM13883,2025-06-26
R038,113328138769611,SIM95357,2025-06-24
R039,737878814986069,SIM69992,2025-07-07
R039,927699538521011,SIM65939,2025-06-29
R039,891148444133165,SIM57243,2025-07-04
R039,948368199276083,SIM46195,2025-07-05
R039,465005280772943,SIM62514,2025-06-22
R039,564747725150612,SIM86792,2025-06-15
R040,107789930347887,SIM66176,2025-06-26
R040,750561175923138,SIM83100,2025-07-03
R040,331864985161511,SIM52491,2025-06-14
R040,674313020020782,SIM45672,2025-06-27
R040,516096951273132,SIM82505,2025-06-20
R040,298863829788893,SIM70191,2025-06-30
R040,871505821580332,SIM63896,2025-07-06
R041,550650484769736,SIM82860,2025-07-07
R041,728720063831375,SIM50932,2025-07-01
R041,366560466862076,SIM29306,2025-07-07
R041,616939775947508,SIM40586,2025-07-08
R041,523592462916316,SIM80205,2025-06-25
R041,153758098012710,SIM87520,2025-07-05
R041,184940971614140,SIM31583,2025-07-01
R041,584116504027633,SIM98609,2025-06-23
R041,128735101993061,SIM93020,2025-06-27
R042,456793604978771,SIM11317,2025-07-14
R042,721451707941489,SIM69479,2025-07-13
R042,147619946599344,SIM97032,2025-06-14
R042,624463996432973,SIM35516,2025-07-03
R042,179168950831230,SIM54813,2025-06-19
R042,444396288577771,SIM47330,2025-06-23
R043,560991257970954,SIM11141,2025-07-10
R043,422153022474880,SIM53987,2025-06-27
R043,883355367090230,SIM89436,2025-06-16
R043,806146826276912,SIM77189,2025-07-04
R043,285578211164650,SIM42665,2025-07-12
R043,410097073852818,SIM51239,2025-07-09
R043,308742811421138,SIM83559,2025-07-11
R043,890453066248402,SIM34148,2025-07-05
R043,464106731977411,SIM28463,2025-07-12
R043,624579219227415,SIM78319,2025-06-18
R044,908458501210261,SIM74354,2025-07-05
R044,983192060366185,SIM94305,2025-07-04
R044,845009121735255,SIM46935,2025-07-05
R044,517975592337739,SIM94534,2025-06-19
R044,442238351476427,SIM90034,2025-06-15
R045,929138236930683,SIM66281,2025-07-09
R045,425789146836330,SIM28756,2025-06-22
R045,927987566836085,SIM60730,2025-06-20
R045,708953628106245,SIM81351,2025-07-13
R045,490582158993776,SIM54238,2025-06-17
R045,157290616417435,SIM21675,2025-07-04
R045,542175969305206,SIM28200,2025-06-22
R045,999753514450133,SIM93185,2025-06-30
R046,200324880474205,SIM79525,2025-06-19
R046,867225441023533,SIM36428,2025-06-17
R046,695297305807391,SIM64724,2025-06-22
R046,604902496294382,SIM85369,2025-06-25
R046,119059869839833,SIM26349,2025-06-30
R046,462696707098555,SIM59170,2025-07-13
R046,633950059237974,SIM38355,2025-07-07
R046,624057229721554,SIM90090,2025-06-28
R046,865282580398768,SIM63689,2025-06-29
R046,666645498160636,SIM50939,2025-07-03
R046,444945420947646,SIM23271,2025-07-01
R046,435087215067408,SIM20568,2025-06-29
R046,799774997588056,SIM43340,2025-07-13
R047,558096138062194,SIM50286,2025-07-13
R047,590447366247856,SIM72609,2025-06-20
R047,543813664884413,SIM73064,2025-06-27
R047,760749958922476,SIM87795,2025-07-07
R047,789571698912841,SIM30002,2025-06-17
R047,587243995476752,SIM56252,2025-06-15
R047,562075425916280,SIM88131,2025-06-18
R047,121879471070160,SIM37916,2025-07-04
R048,940415171333096,SIM95658,2025-06-25
R048,101510082843980,SIM23490,2025-06-27
R048,611440693959903,SIM44114,2025-06-21
R048,104270132026581,SIM22885,2025-06-16
R048,574830073902107,SIM62566,2025-06-29
R048,637422153491408,SIM43376,2025-07-03
R048,746064308440639,SIM60393,2025-06-25
R048,982827677256641,SIM90713,2025-06-24
R048,689831321469761,SIM51262,2025-07-04
R048,994618931252411,SIM33327,2025-07-11
R048,801876163358027,SIM81788,2025-07-09
R048,932532536889648,SIM17039,2025-06-16
R049,425137733507948,SIM11853,2025-06-24
R049,577938886311606,SIM90627,2025-07-13
R049,294555563877679,SIM33441,2025-06-19
R049,982012367172513,SIM32755,2025-07-13
R049,449200375299422,SIM71087,2025-06-21
R049,265466006346362,SIM67986,2025-06-20
R049,484131340516147,SIM73655,2025-07-11
R049,992773705850087,SIM24257,2025-06-14
R049,397710868618133,SIM45347,2025-06-21
R049,877809701595124,SIM22944,2025-07-01
R049,500364444253244,SIM52440,2025-07-03
R049,950951032124507,SIM56304,2025-07-14
R049,568365359538312,SIM71800,2025-07-10
R049,740516666248092,SIM68365,2025-07-09
R049,877990292006802,SIM85410,2025-07-08
R050,403046809764085,SIM29246,2025-06-18
R050,389644220065742,SIM85913,2025-07-12
R050,645797038452615,SIM60114,2025-06-28
R050,144814102162149,SIM98599,2025-06-20
R050,869477872746122,SIM46152,2025-07-12
R050,518500094890534,SIM97554,2025-07-12
R050,411180489923431,SIM15513,2025-07-02
R050,923671134165528,SIM24944,2025-07-06
R050,754186544170753,SIM35061,2025-07-13
R050,269297291312716,SIM57349,2025-06-22
R050,555135415359672,SIM59644,2025-07-14
R050,769716528984661,SIM18783,2025-06-25
R050,758737355917927,SIM24345,2025-07-05
R051,170227244600448,SIM86159,2025-07-11
R051,979337496028888,SIM19943,2025-06-28
R051,130107344031189,SIM91767,2025-06-27
R051,350515798245729,SIM92308,2025-07-02
R051,654098847826703,SIM60482,2025-07-12
R051,481825449484174,SIM12553,2025-07-14
R051,329577414421695,SIM52305,2025-06-24
R051,559743911313003,SIM46447,2025-06-15
R051,275632159479108,SIM23231,2025-06-15
R051,877280484218265,SIM38550,2025-06-28
R051,400021082788813,SIM73445,2025-06-26
R051,665174672970485,SIM67436,2025-06-29
R052,213406379867624,SIM72577,2025-07-09
R052,559350355934472,SIM12827,2025-06-27
R052,192835609186585,SIM70984,2025-06-21
R052,475739658883382,SIM23523,2025-06-23
R052,330477356808496,SIM65487,2025-06-30
R052,519281494813768,SIM62216,2025-07-03
R052,247710203555330,SIM99843,2025-06-16
R052,525606962630214,SIM87431,2025-06-27
R052,350338480157298,SIM19257,2025-07-09
R052,983505282585642,SIM22175,2025-06-19
R052,744757301553596,SIM37799,2025-06-23
R052,614351915606835,SIM47703,2025-07-14
R052,211958077617782,SIM43577,2025-07-03
R052,528100886019398,SIM10875,2025-06-15
R052,350376016366971,SIM39110,2025-07-12
R053,142267393508712,SIM63113,2025-07-11
R053,409360708665419,SIM13914,2025-06-26
R053,808672987725294,SIM56709,2025-06-19
R053,874066568622721,SIM59424,2025-07-01
R053,570177050157125,SIM18063,2025-07-10
R053,388151165093547,SIM89612,2025-06-25
R054,687928060413689,SIM47342,2025-07-11
R054,931522806443426,SIM30905,2025-07-07
R054,651676600121269,SIM38711,2025-07-06
R054,993528879365109,SIM72330,2025-07-12
R054,787796906930525,SIM40338,2025-06-21
R054,529949388455525,SIM25175,2025-07-10
R054,390440674938021,SIM37776,2025-06-30
R054,337426041290387,SIM78194,2025-07-04
R054,129128829103441,SIM82157,2025-07-13
R054,735267037908668,SIM14960,2025-06-16
R054,578531373626880,SIM70708,2025-07-13
R054,676070897164776,SIM94756,2025-06-23
R054,299250428247294,SIM89236,2025-06-24
R055,882060118186327,SIM40440,2025-07-09
R055,365027821896430,SIM80581,2025-06-18
R055,132164785721003,SIM66832,2025-06-14
R055,326668336752781,SIM51702,2025-07-08
R055,436372818023993,SIM61602,2025-07-08
R055,846713053971449,SIM60491,2025-06-22
R055,484382428877338,SIM73493,2025-06-20
R055,450286851055309,SIM76701,2025-06-26
R055,515683136793518,SIM79781,2025-06-15
R055,128485585665135,SIM94464,2025-07-11
R055,637810726699679,SIM98141,2025-07-08
R055,693650868249693,SIM63245,2025-06-28
R055,117741399175930,SIM82230,2025-07-05
R055,248829190269153,SIM77319,2025-06-30
R056,271994324767036,SIM90041,2025-06-24
R056,442745117257914,SIM81414,2025-06-25
R056,790007473117835,SIM16210,2025-06-23
R056,724864490473705,SIM64001,2025-07-09
R056,360748469287695,SIM10530,2025-06-21
R056,498056754781641,SIM87963,2025-06-14
R056,218680979622062,SIM12315,2025-07-01
R057,835985781497405,SIM19834,2025-07-05
R057,218597561578026,SIM64822,2025-06-19
R057,486277339690281,SIM49609,2025-06-18
R057,667989762538205,SIM95188,2025-06-27
R057,105212011005600,SIM36543,2025-07-10
R057,119354836204415,SIM63232,2025-07-08
R057,167164926014713,SIM89197,2025-07-13
R057,918170309303018,SIM49316,2025-06-29
R057,984738143624138,SIM98889,2025-06-25
R057,101728821179002,SIM56953,2025-06-18
R057,498234064243867,SIM73987,2025-07-02
R057,232208165662241,SIM38204,2025-07-08
R057,767396806094492,SIM78512,2025-06-29
R058,376320305963606,SIM36968,2025-06-28
R058,790960636420553,SIM92341,2025-07-10
R058,161512740883265,SIM13357,2025-07-11
R058,487916605287561,SIM83749,2025-06-25
R058,758163661052756,SIM27224,2025-06-19
R058,741902949366314,SIM22488,2025-06-16
R058,323994060097546,SIM67540,2025-06-16
R058,478980084240592,SIM75164,2025-07-02
R058,909644532097674,SIM66808,2025-06-19
R058,785836705860551,SIM51336,2025-07-07
R059,646029215795978,SIM32260,2025-06-20
R059,522185671165792,SIM54039,2025-06-27
R059,931005112957581,SIM26571,2025-06-17
R059,584304909489542,SIM54331,2025-06-15
R059,871581917735217,SIM38591,2025-06-24
R059,316481713698257,SIM48240,2025-06-27
R059,541811484642053,SIM49189,2025-06-30
R059,622018221275272,SIM57598,2025-06-28
R059,682989840211729,SIM11329,2025-06-15
R059,825700404364829,SIM69728,2025-07-03
R059,353554233620186,SIM21347,2025-06-24
R060,910536984734920,SIM28516,2025-06-28
R060,481685397503626,SIM14980,2025-07-06
R060,590400955741569,SIM97549,2025-06-29
R060,595031683427799,SIM39234,2025-07-10
R060,749375155814079,SIM70458,2025-07-14
R060,886660884230328,SIM42824,2025-06-21
R061,927381589604290,SIM83079,2025-07-07
R061,532604190903449,SIM83142,2025-07-04
R061,596790859062705,SIM39865,2025-07-05
R061,144540919682297,SIM61606,2025-07-12
R061,124261244578409,SIM89065,2025-06-27
R061,721840744084616,SIM70931,2025-06-27
R061,322197761400437,SIM91899,2025-06-29
R061,949946529420553,SIM76616,2025-07-07
R061,983845783045589,SIM58402,2025-07-11
R062,883432700586141,SIM67304,2025-06-18
R062,737887917769045,SIM15090,2025-06-17
R062,950712014042276,SIM57138,2025-07-03
R062,740010846732670,SIM79633,2025-06-24
R062,626692816038004,SIM80667,2025-07-01
R063,228756760518636,SIM89988,2025-06-18
R063,492820444868468,SIM94384,2025-06-19
R063,145072044647619,SIM92408,2025-06-22
R063,489949962943730,SIM98273,2025-06-23
R063,341473294110879,SIM51860,2025-06-25
R063,363284291763095,SIM49308,2025-06-16
R064,164344191755374,SIM61827,2025-07-05
R064,347131615284137,SIM49588,2025-06-17
R064,884658476552820,SIM29228,2025-06-21
R064,549470981953918,SIM56199,2025-06-15
R064,519124077385069,SIM91433,2025-06-23
R064,374554801543794,SIM54985,2025-06-20
R064,472367766358751,SIM33261,2025-06-28
R064,326805702212680,SIM28953,2025-07-01
R064,711306828592235,SIM94641,2025-07-08
R065,836145606479892,SIM31841,2025-06-28
R065,292998835872191,SIM35746,2025-06-24
R065,504011381304004,SIM60744,2025-07-06
R065,288715749383027,SIM38501,2025-07-09
R065,600382151782047,SIM18812,2025-06-20
R065,341720393013895,SIM94872,2025-06-24
R065,653499230834808,SIM74003,2025-07-09
R065,989928891256314,SIM51401,2025-06-24
R065,172640330634342,SIM37708,2025-06-22
R065,273128771383586,SIM69177,2025-07-10
R065,550934779338482,SIM98417,2025-06-25
R065,785616686615940,SIM15856,2025-06-15
R065,879133480372227,SIM63805,2025-06-16
R065,906067637473045,SIM74788,2025-07-09
R065,764835609591807,SIM82779,2025-07-11
R066,273686069856980,SIM87191,2025-07-06
R066,698981069653344,SIM16222,2025-06-29
R066,694438392234518,SIM87883,2025-06-17
R066,389624157362190,SIM16422,2025-06-30
R066,276279342451183,SIM63994,2025-06-25
R066,218739048798455,SIM59712,2025-07-11
R066,177745688859742,SIM19276,2025-06-30
R066,223184070009102,SIM94558,2025-06-30
R066,773497915444370,SIM76584,2025-06-17
R067,121276309995581,SIM63933,2025-06-25
R067,985369047267500,SIM25653,2025-06-26
R067,465023497632099,SIM85412,2025-06-29
R067,766383413455670,SIM93948,2025-07-02
R067,450764858139412,SIM24854,2025-07-12
R067,837384663083788,SIM86910,2025-06-30
R067,495106447637362,SIM36847,2025-06-22
R067,428342962678841,SIM88811,2025-06-22
R067,943927632674171,SIM72661,2025-06-21
R068,742238512659463,SIM82420,2025-07-04
R068,576997032115226,SIM39146,2025-07-01
R068,838520393796592,SIM46510,2025-06-14
R068,137663797921445,SIM65067,2025-06-16
R068,596670376009577,SIM77864,2025-06-16
R068,779943129670306,SIM73769,2025-06-20
R069,314999731698173,SIM66490,2025-07-06
R069,116375951548953,SIM46455,2025-07-05
R069,943848004542520,SIM16204,2025-07-06
R069,138714405842174,SIM24905,2025-06-26
R069,726062010981844,SIM19022,2025-07-06
R069,371074494972565,SIM10601,2025-07-03
R069,137347287424020,SIM14857,2025-06-16
R070,668141364913367,SIM80961,2025-06-15
R070,243701027793313,SIM41737,2025-07-02
R070,300380841087284,SIM48921,2025-06-14
R070,562115358839880,SIM59367,2025-07-13
R070,302772519625309,SIM92516,2025-06-15
R070,695764842832303,SIM62097,2025-07-09
R070,858822288817330,SIM80941,2025-06-19
R070,738311947463209,SIM38612,2025-07-13
R070,863365454542624,SIM25586,2025-07-01
R070,815276435316717,SIM87044,2025-07-11
R071,876140141397564,SIM59004,2025-07-06
R071,732269862587413,SIM75279,2025-06-27
R071,457941394058093,SIM42859,2025-06-14
R071,144313576419033,SIM29051,2025-06-20
R071,830055325359765,SIM19624,2025-06-16
R071,699897781175594,SIM23140,2025-07-09
R071,837813057177231,SIM99858,2025-06-30
R071,830840582808967,SIM93615,2025-06-29
R071,613386972816239,SIM23662,2025-07-01
R071,579267332209040,SIM89467,2025-07-05
R071,258249686511782,SIM82752,2025-06-24
R071,266457766592761,SIM25934,2025-07-11
R071,627848966965203,SIM36553,2025-07-12
R072,384647119115817,SIM82301,2025-07-13
R072,429969762124657,SIM76427,2025-06-18
R072,631648280975193,SIM96368,2025-06-27
R072,745035909207212,SIM91036,2025-06-26
R072,114773572948609,SIM45158,2025-07-12
R073,344331513423893,SIM43479,2025-06-15
R073,489687141597709,SIM75110,2025-06-27
R073,733876318001842,SIM37661,2025-06-25
R073,125893688879314,SIM92016,2025-06-21
R073,997414807428896,SIM55328,2025-06-27
R073,680396957296017,SIM46674,2025-06-18
R073,756290346637293,SIM84511,2025-07-12
R073,316609917857728,SIM62253,2025-06-27
R073,767499835377839,SIM56372,2025-06-21
R073,766359468004364,SIM93484,2025-06-24
R073,488283592865784,SIM33327,2025-06-28
R073,318601350919291,SIM36060,2025-06-29
R074,711621174173546,SIM51211,2025-07-11
R074,700240729060948,SIM29957,2025-06-15
R074,870425281393617,SIM65333,2025-06-22
R074,155383293175187,SIM77536,2025-06-21
R074,863711784137830,SIM69107,2025-06-20
R074,903931917253963,SIM59064,2025-07-11
R074,876787020196534,SIM18956,2025-07-01
R074,208692979143101,SIM25184,2025-07-03
R074,863030934573835,SIM30542,2025-07-04
R074,721774584567032,SIM59929,2025-06-19
R074,728009476162171,SIM98397,2025-07-13
R074,827469463370339,SIM44425,2025-06-27
R074,403139170781866,SIM81109,2025-06-22
R074,596049723373440,SIM64606,2025-07-11
R074,826347398173084,SIM77675,2025-07-13
R075,850648923050341,SIM90207,2025-07-02
R075,401878382982275,SIM49725,2025-07-07
R075,499068029787333,SIM91012,2025-07-05
R075,741457352221788,SIM75596,2025-06-22
R075,398366895753288,SIM28246,2025-06-21
R075,477512206697345,SIM20213,2025-06-29
R076,826429064614468,SIM52662,2025-07-05
R076,224555274584675,SIM15823,2025-06-20
R076,325834633818244,SIM55053,2025-07-10
R076,553145912012440,SIM46497,2025-06-17
R076,821445346462151,SIM56767,2025-07-06
R076,505809032472660,SIM98526,2025-07-09
R076,233866792601876,SIM22260,2025-06-26
R076,454935858352407,SIM92462,2025-07-04
R076,879482305400997,SIM90195,2025-06-20
R076,137442594731408,SIM99250,2025-07-13
R076,948795507646902,SIM70704,2025-06-23
R076,781499819626214,SIM79676,2025-07-14
R076,540991680981766,SIM88721,2025-06-18
R077,133724118126304,SIM73591,2025-07-13
R077,440272791492089,SIM14956,2025-06-27
R077,340424147814455,SIM92822,2025-06-22
R077,696918353308716,SIM32465,2025-07-04
R077,421634611391135,SIM13380,2025-07-03
R077,611932186967503,SIM81640,2025-06-27
R077,593756749296161,SIM23677,2025-06-22
R077,550742009739318,SIM51367,2025-06-23
R077,129537092454203,SIM16280,2025-06-22
R077,766496167922974,SIM94467,2025-07-12
R078,565020607712803,SIM61696,2025-06-24
R078,746412764056274,SIM27690,2025-06-17
R078,168053648505403,SIM70236,2025-06-25
R078,897575970483949,SIM58418,2025-07-10
R078,954107809512928,SIM61775,2025-06-29
R078,678001869079959,SIM47811,2025-06-15
R078,251061181523604,SIM15943,2025-07-07
R078,104839657670689,SIM37053,2025-06-18
R078,489650076308921,SIM13693,2025-06-15
R078,157619593718778,SIM79703,2025-07-01
R078,554796164147936,SIM10046,2025-06-14
R078,561862326832434,SIM91621,2025-07-03
R078,369026579808982,SIM19104,2025-07-06
R078,263876691671801,SIM29917,2025-06-20
R078,587976871531311,SIM48330,2025-06-27
R079,930537687437574,SIM90811,2025-06-15
R079,595866397688147,SIM18200,2025-07-13
R079,669614806121474,SIM69846,2025-06-17
R079,937095953145359,SIM66766,2025-07-04
R079,172995002186607,SIM91090,2025-06-28
R080,396150760720032,SIM94323,2025-06-30
R080,805576719512628,SIM18471,2025-06-21
R080,283992734050732,SIM78545,2025-06-24
R080,559190947168573,SIM49921,2025-06-14
R080,265370239721960,SIM20953,2025-06-20
R080,331603251648565,SIM94964,2025-06-29
R080,837422387805774,SIM75604,2025-07-12
R080,589669323365162,SIM82845,2025-07-01
R080,395357427044156,SIM61551,2025-07-06
R080,525724277084183,SIM85031,2025-07-04
R080,171286317660167,SIM44575,2025-06-16
R080,828579124284243,SIM72089,2025-06-14
R080,682976854787421,SIM92192,2025-07-08
R080,959725412497379,SIM55408,2025-06-30
R080,560124623676604,SIM70353,2025-06-24
R081,979332553066064,SIM99832,2025-07-06
R081,672620212879439,SIM87263,2025-06-21
R081,985935803769052,SIM28511,2025-07-07
R081,368840983281710,SIM22302,2025-06-21
R081,460315629244979,SIM15771,2025-07-09
R081,374725184877033,SIM87416,2025-07-01
R081,693851573214613,SIM98247,2025-06-22
R082,782510843407687,SIM25877,2025-06-21
R082,126226700526245,SIM88831,2025-07-14
R082,145474630839314,SIM42939,2025-07-05
R082,825873431849211,SIM41517,2025-07-07
R082,350915163934982,SIM43932,2025-06-27
R082,182381057102838,SIM37439,2025-06-24
R082,369187968617030,SIM71719,2025-06-16
R082,261031054531012,SIM21374,2025-06-16
R082,349721748096620,SIM21757,2025-06-16
R082,361587406964341,SIM21814,2025-06-21
R082,939254775635709,SIM19352,2025-06-26
R082,236983499113436,SIM26538,2025-06-16
R082,392283369992667,SIM42664,2025-06-15
R082,646147301394199,SIM13830,2025-07-06
R083,820014554946945,SIM34803,2025-07-13
R083,958420047632509,SIM35965,2025-06-22
R083,530464484806621,SIM38680,2025-07-08
R083,538117601636180,SIM46970,2025-06-20
R083,726537450096254,SIM11907,2025-07-13
R083,377328779852424,SIM13059,2025-06-29
R083,346706792375949,SIM29287,2025-07-05
R083,912245294114126,SIM70500,2025-06-17
R083,771814404752380,SIM57442,2025-06-17
R083,345890382176019,SIM33060,2025-06-17
R083,739625283913274,SIM60145,2025-06-25
R083,746223494224759,SIM66488,2025-06-22
R083,984613290279506,SIM68423,2025-07-06
R083,733999097749486,SIM30100,2025-06-25
R084,728712444332584,SIM11038,2025-06-25
R084,112481467495423,SIM50801,2025-06-17
R084,273473993800282,SIM76060,2025-07-07
R084,674625981110862,SIM61516,2025-06-23
R084,509727365748992,SIM79786,2025-07-14
R085,376713710311297,SIM62598,2025-06-20
R085,421390719636684,SIM93295,2025-06-21
R085,814459584647434,SIM49761,2025-07-08
R085,170187784027082,SIM64383,2025-06-21
R085,867576269575812,SIM61223,2025-06-27
R086,366327845334391,SIM15006,2025-06-25
R086,831611386250590,SIM47827,2025-07-07
R086,909026301953047,SIM71046,2025-06-19
R086,465000355338428,SIM43837,2025-06-30
R086,121443866082748,SIM17590,2025-07-08
R086,264243509383971,SIM25011,2025-07-02
R086,443968385246192,SIM82356,2025-07-14
R086,212686358817957,SIM17324,2025-06-25
R086,683288605012267,SIM16683,2025-07-05
R087,402810270993040,SIM57120,2025-06-22
R087,808552414749969,SIM65214,2025-06-24
R087,904694902348937,SIM50617,2025-06-28
R087,802771674343995,SIM40974,2025-06-27
R087,842208474371251,SIM26370,2025-07-11
R087,521727367855879,SIM80703,2025-07-11
R087,327263512454097,SIM65450,2025-06-29
R087,458983814066139,SIM46675,2025-07-09
R087,595307715029091,SIM59640,2025-06-25
R087,182834958306396,SIM51861,2025-06-15
R087,999303451991021,SIM84533,2025-06-22
R087,176979419819558,SIM76140,2025-07-10
R088,597850029881923,SIM96767,2025-07-02
R088,297577668316505,SIM35010,2025-07-02
R088,560328726371446,SIM45634,2025-06-18
R088,851973991129098,SIM43627,2025-07-04
R088,338866096699425,SIM74423,2025-06-24
R088,215461953211625,SIM68132,2025-06-19
R088,965041213835338,SIM86279,2025-07-12
R088,423464366424479,SIM45764,2025-07-10
R088,382597084579326,SIM86106,2025-07-08
R089,607154977911396,SIM37690,2025-06-16
R089,160511019678457,SIM33989,2025-07-10
R089,144607878065975,SIM13416,2025-07-14
R089,130630404640817,SIM62659,2025-07-11
R089,743208441502815,SIM83928,2025-07-09
R089,614931512812333,SIM35735,2025-06-24
R089,808356476350765,SIM24375,2025-07-11
R089,801054384615216,SIM90822,2025-06-20
R089,522072400176600,SIM92822,2025-06-14
R089,169762622295838,SIM20452,2025-07-02
R089,923346161447209,SIM25731,2025-06-30
R089,780988189438626,SIM62472,2025-06-14
R089,654647900347738,SIM92466,2025-06-21
R089,810189835412412,SIM56597,2025-07-11
R090,140642174611365,SIM20616,2025-06-30
R090,524011502234262,SIM87828,2025-07-11
R090,243644800188210,SIM37309,2025-06-18
R090,653240013617784,SIM83303,2025-06-18
R090,582215041140973,SIM39082,2025-07-07
R090,270256118180942,SIM64020,2025-06-20
R090,729129953534508,SIM86298,2025-07-09
R090,579051169533522,SIM92756,2025-06-15
R090,847532191836236,SIM18685,2025-07-03
R090,632991495679536,SIM86909,2025-07-12
R090,269628364799468,SIM76429,2025-06-28
R090,114834649238578,SIM61266,2025-07-01
R090,846303002424834,SIM17785,2025-07-03
R090,235565910117113,SIM88086,2025-07-10
R090,435189879274942,SIM62992,2025-06-29
R091,752429535494966,SIM69729,2025-06-14
R091,411200954527559,SIM74221,2025-07-12
R091,532274342197713,SIM84087,2025-07-11
R091,973387832121610,SIM24447,2025-06-16
R091,336528900861271,SIM88452,2025-07-14
R091,402837348888373,SIM67551,2025-07-11
R091,252568009447188,SIM71264,2025-06-24
R091,561891945896449,SIM80071,2025-06-20
R091,829065896950021,SIM31506,2025-06-15
R091,177825770183060,SIM54816,2025-06-20
R091,413731963682258,SIM75873,2025-07-01
R091,391537129356068,SIM13647,2025-06-24
R091,823662343569995,SIM40214,2025-07-12
R091,984324828121988,SIM17635,2025-06-16
R092,597919423895850,SIM95882,2025-06-30
R092,542524879363621,SIM24447,2025-06-18
R092,843311141865822,SIM65869,2025-07-09
R092,941119010403987,SIM75718,2025-06-16
R092,302439287951786,SIM77257,2025-06-23
R092,169283925854562,SIM46847,2025-06-27
R092,788143499790702,SIM41694,2025-07-14
R092,556277164014911,SIM58239,2025-06-28
R092,759899928604374,SIM37421,2025-06-23
R092,366189862526489,SIM21219,2025-06-14
R092,251021042005203,SIM43268,2025-06-20
R092,748093436767242,SIM45781,2025-06-19
R093,275505079393972,SIM62792,2025-06-30
R093,762095158988578,SIM79818,2025-06-29
R093,433657380825334,SIM61044,2025-06-15
R093,457066524114206,SIM27663,2025-07-10
R093,173931119434318,SIM47818,2025-07-12
R094,968557371586902,SIM70760,2025-07-09
R094,756080025217250,SIM84535,2025-06-22
R094,211752220260702,SIM45488,2025-06-30
R094,482149523997597,SIM43369,2025-06-21
R094,274873377514290,SIM51996,2025-06-18
R094,454265538946371,SIM14711,2025-07-13
R094,607649641057495,SIM17262,2025-06-14
R094,570917466318391,SIM34299,2025-07-11
R094,364384265195048,SIM38256,2025-07-06
R094,297786408532685,SIM55926,2025-06-27
R094,811692560939465,SIM24900,2025-06-17
R094,174197903647113,SIM91845,2025-06-18
R094,237084589689411,SIM33362,2025-06-14
R094,490304156158478,SIM77038,2025-07-12
R094,170475491290856,SIM39366,2025-07-12
R095,534296997995257,SIM83822,2025-07-11
R095,579180804400018,SIM24073,2025-06-22
R095,681597224252370,SIM74630,2025-06-16
R095,199930015864273,SIM28533,2025-07-14
R095,829722305848770,SIM79645,2025-07-03
R095,853334542785020,SIM97846,2025-06-19
R095,497922589878172,SIM21761,2025-07-06
R095,617119571303221,SIM40905,2025-07-11
R095,707119365244975,SIM11183,2025-07-01
R095,608287488473905,SIM21790,2025-06-24
R095,631906429568134,SIM51522,2025-06-27
R096,232972105170140,SIM83955,2025-06-18
R096,757182772344192,SIM31882,2025-07-10
R096,388150838092317,SIM47380,2025-06-27
R096,967557680797831,SIM73750,2025-07-08
R096,228107218214861,SIM42173,2025-07-03
R096,585830832145704,SIM86215,2025-07-07
R096,987543284179866,SIM96548,2025-06-28
R096,359037432802021,SIM52014,2025-07-01
R096,689750729235225,SIM70429,2025-06-27
R097,898752754322637,SIM41693,2025-06-19
R097,866620412379266,SIM87467,2025-06-26
R097,586578445744589,SIM24982,2025-06-18
R097,429718508226766,SIM80083,2025-06-25
R097,677160674722902,SIM53961,2025-07-07
R097,351496044424932,SIM70960,2025-07-04
R097,435838803964506,SIM75588,2025-07-04
R098,554245374125764,SIM39932,2025-06-26
R098,524556592962292,SIM28946,2025-07-02
R098,626499753605575,SIM92147,2025-06-23
R098,701785673835737,SIM18641,2025-06-18
R098,894739294566954,SIM76580,2025-07-08
R098,132691773697949,SIM96099,2025-07-14
R098,509601831011654,SIM25710,2025-06-16
R098,620443041863299,SIM10571,2025-07-13
R098,224640276265636,SIM88286,2025-07-05
R099,146457515252894,SIM90754,2025-06-27
R099,446651480073398,SIM36108,2025-07-07
R099,679227374813409,SIM16274,2025-07-08
R099,559593623575484,SIM52568,2025-06-18
R099,423002630565978,SIM93966,2025-07-06
R099,166718710362726,SIM91658,2025-07-12
R099,371074210517287,SIM84985,2025-07-05
R099,755142596372273,SIM38319,2025-07-04
R099,578716439109876,SIM69588,2025-06-23
R099,672423017731405,SIM24008,2025-07-07
R100,479283430907061,SIM29043,2025-07-13
R100,283708547799073,SIM18323,2025-07-12
R100,218897081975788,SIM80236,2025-06-27
R100,784342349866427,SIM24287,2025-06-26
R100,688089572983773,SIM66446,2025-07-05
R100,537088753077026,SIM37640,2025-07-11
R100,758296599408508,SIM91696,2025-06-29
